PassengerId,Survived,Pclass,Age,SibSp,Parch,Fare,Cabin_missing,Sex_male,Embarked_Q,Embarked_S,Title_Miss,Title_Mr,Title_Mrs,Title_Rare
1,0,0.5647181360657391,-0.7909584785990359,1.8285419603357638,0.0,-0.5958431852730673,0.0,True,False,True,False,True,False,False
3,1,0.5647181360657391,-0.29000960663241027,-0.43295451957572234,0.0,-0.5005361328664008,0.0,False,False,True,True,False,False,False
5,0,0.5647181360657391,0.8371253552924974,-0.43295451957572234,0.0,-0.48288667871701796,0.0,True,False,True,False,True,False,False
6,0,0.5647181360657391,-0.03953517064909744,-0.43295451957572234,0.0,-0.42523650168347443,0.0,True,True,False,False,True,False,False
10,1,-1.2961986747280732,-1.7928562225322873,1.8285419603357638,0.0,2.6263541207447942,0.0,False,False,False,False,False,True,False
13,0,0.5647181360657391,-1.0414329145823487,-0.43295451957572234,0.0,-0.48288667871701796,0.0,True,False,True,False,True,False,False
15,0,0.5647181360657391,-1.7928562225322873,-0.43295451957572234,0.0,-0.5105327836966111,0.0,False,False,True,True,False,False,False
18,1,-1.2961986747280732,-0.03953517064909744,-0.43295451957572234,0.0,0.21603170559853696,0.0,True,False,True,False,True,False,False
19,0,0.5647181360657391,0.3361764833258718,1.8285419603357638,0.0,0.9220098715738451,0.0,False,False,True,False,False,True,False
20,1,0.5647181360657391,-0.03953517064909744,-0.43295451957572234,0.0,-0.5993730761029439,0.0,False,False,False,False,False,True,False
21,0,-1.2961986747280732,0.8371253552924974,-0.43295451957572234,0.0,2.051574937134338,0.0,True,False,True,False,True,False,False
23,1,0.5647181360657391,-1.6676190045406307,-0.43295451957572234,0.0,-0.4858235478874754,0.0,False,True,False,True,False,False,False
27,0,0.5647181360657391,-0.03953517064909744,-0.43295451957572234,0.0,-0.5993730761029439,0.0,True,False,False,False,True,False,False
29,1,0.5647181360657391,-0.03953517064909744,-0.43295451957572234,0.0,-0.5070028928667346,0.0,False,True,False,True,False,False,False
30,0,0.5647181360657391,-0.03953517064909744,-0.43295451957572234,0.0,-0.5046590453556965,0.0,True,False,True,False,True,False,False
31,0,-3.1571154855218855,1.4633114452507794,-0.43295451957572234,0.0,2.2945443827364005,0.0,True,False,False,False,False,False,True
33,1,0.5647181360657391,-0.03953517064909744,-0.43295451957572234,0.0,-0.5252453686755365,0.0,False,True,False,True,False,False,False
36,0,-3.1571154855218855,1.7137858812340923,1.8285419603357638,0.0,5.72266140020594,0.0,True,False,True,False,True,False,False
37,1,0.5647181360657391,-0.03953517064909744,-0.43295451957572234,0.0,-0.5987800544435247,0.0,True,False,False,False,True,False,False
38,0,0.5647181360657391,-0.9161956965906923,-0.43295451957572234,0.0,-0.48288667871701796,0.0,True,False,True,False,True,False,False
39,0,0.5647181360657391,-1.2919073505656615,4.09003844024725,0.0,0.9220098715738451,0.0,False,False,True,True,False,False,False
40,1,0.5647181360657391,-1.7928562225322873,1.8285419603357638,0.0,-0.03223257624833992,0.0,False,False,False,True,False,False,False
41,0,0.5647181360657391,1.4633114452507794,1.8285419603357638,0.0,-0.2816829014140553,0.0,False,False,True,False,False,True,False
42,0,-1.2961986747280732,-0.16477238864075383,1.8285419603357638,0.0,1.3455967711590298,0.0,False,False,True,False,False,True,False
43,0,0.5647181360657391,-0.03953517064909744,-0.43295451957572234,0.0,-0.5046590453556965,0.0,True,False,False,False,True,False,False
45,1,0.5647181360657391,-1.1666701325740052,-0.43295451957572234,0.0,-0.5070028928667346,0.0,False,True,False,True,False,False,False
46,0,0.5647181360657391,-0.03953517064909744,-0.43295451957572234,0.0,-0.48288667871701796,0.0,True,False,True,False,True,False,False
47,0,0.5647181360657391,-0.03953517064909744,1.8285419603357638,0.0,0.569020788586191,0.0,True,True,False,False,True,False,False
48,1,0.5647181360657391,-0.03953517064909744,-0.43295451957572234,0.0,-0.5252453686755365,0.0,False,True,False,True,False,False,False
49,0,0.5647181360657391,-0.03953517064909744,4.09003844024725,0.0,1.441496845225116,0.0,True,False,False,False,True,False,False
50,0,0.5647181360657391,-1.2919073505656615,1.8285419603357638,0.0,0.8937707449348328,0.0,False,False,True,False,False,True,False
52,0,0.5647181360657391,-0.9161956965906923,-0.43295451957572234,0.0,-0.5181855870157834,0.0,True,False,True,False,True,False,False
54,1,-1.2961986747280732,0.08570204734255897,1.8285419603357638,0.0,2.051574937134338,0.0,False,False,True,False,False,True,False
57,1,-1.2961986747280732,-0.9161956965906923,-0.43295451957572234,0.0,-0.1369573773891171,0.0,False,False,True,True,False,False,False
58,0,0.5647181360657391,0.02308343834673077,-0.43295451957572234,0.0,-0.5987800544435247,0.0,True,False,False,False,True,False,False
61,0,0.5647181360657391,-0.7909584785990359,-0.43295451957572234,0.0,-0.5987800544435247,0.0,True,False,False,False,True,False,False
65,0,-3.1571154855218855,-0.03953517064909744,-0.43295451957572234,0.0,2.2945443827364005,0.0,True,False,False,False,True,False,False
68,0,0.5647181360657391,-1.1666701325740052,-0.43295451957572234,0.0,-0.4675951916419928,0.0,True,False,True,False,True,False,False
70,0,0.5647181360657391,-0.29000960663241027,4.09003844024725,0.0,-0.3964043533850429,0.0,True,False,True,False,True,False,False
71,0,-1.2961986747280732,0.4614137013175282,-0.43295451957572234,0.0,-0.1369573773891171,0.0,True,False,True,False,True,False,False
74,0,0.5647181360657391,-0.29000960663241027,1.8285419603357638,0.0,0.42135839539079556,0.0,True,False,False,False,True,False,False
77,0,0.5647181360657391,-0.03953517064909744,-0.43295451957572234,0.0,-0.5046590453556965,0.0,True,False,True,False,True,False,False
78,0,0.5647181360657391,-0.03953517064909744,-0.43295451957572234,0.0,-0.48288667871701796,0.0,True,False,True,False,True,False,False
80,1,0.5647181360657391,0.2109392653342154,-0.43295451957572234,0.0,0.14190399817112956,0.0,False,False,True,True,False,False,False
81,0,0.5647181360657391,-0.7909584785990359,-0.43295451957572234,0.0,-0.3487508271817095,0.0,True,False,True,False,True,False,False
82,1,0.5647181360657391,0.08570204734255897,-0.43295451957572234,0.0,-0.2781530105841787,0.0,True,False,True,False,True,False,False
83,1,0.5647181360657391,-0.03953517064909744,-0.43295451957572234,0.0,-0.5199505324307218,0.0,False,True,False,True,False,False,False
84,0,-3.1571154855218855,-0.03953517064909744,-0.43295451957572234,0.0,5.030802797550138,0.0,True,False,True,False,True,False,False
85,1,-1.2961986747280732,-1.4171445685573179,-0.43295451957572234,0.0,-0.1369573773891171,0.0,False,False,True,True,False,False,False
88,0,0.5647181360657391,-0.03953517064909744,-0.43295451957572234,0.0,-0.48288667871701796,0.0,True,False,True,False,True,False,False
90,0,0.5647181360657391,-0.540484042615723,-0.43295451957572234,0.0,-0.48288667871701796,0.0,True,False,True,False,True,False,False
91,0,0.5647181360657391,0.08570204734255897,-0.43295451957572234,0.0,-0.48288667871701796,0.0,True,False,True,False,True,False,False
92,0,0.5647181360657391,-1.0414329145823487,-0.43295451957572234,0.0,-0.5105327836966111,0.0,True,False,True,False,True,False,False
96,0,0.5647181360657391,-0.03953517064909744,-0.43295451957572234,0.0,-0.48288667871701796,0.0,True,False,True,False,True,False,False
100,0,-1.2961986747280732,0.711888137300841,1.8285419603357638,0.0,2.051574937134338,0.0,True,False,True,False,True,False,False
101,0,0.5647181360657391,-0.03953517064909744,-0.43295451957572234,0.0,-0.5046590453556965,0.0,False,False,True,True,False,False,False
102,0,0.5647181360657391,-0.03953517064909744,-0.43295451957572234,0.0,-0.5046590453556965,0.0,True,False,True,False,True,False,False
104,0,0.5647181360657391,0.5866509193091846,-0.43295451957572234,0.0,-0.3975762771405619,0.0,True,False,True,False,True,False,False
105,0,0.5647181360657391,1.0875997912758102,4.09003844024725,0.0,-0.5005361328664008,0.0,True,False,True,False,True,False,False
106,0,0.5647181360657391,-0.03953517064909744,-0.43295451957572234,0.0,-0.5046590453556965,0.0,True,False,True,False,True,False,False
107,1,0.5647181360657391,-0.9161956965906923,-0.43295451957572234,0.0,-0.5393649319950427,0.0,False,False,True,True,False,False,False
108,1,0.5647181360657391,-0.03953517064909744,-0.43295451957572234,0.0,-0.52171547784566,0.0,True,False,True,False,True,False,False
109,0,0.5647181360657391,1.2128370092674667,-0.43295451957572234,0.0,-0.5046590453556965,0.0,True,False,True,False,True,False,False
110,1,0.5647181360657391,-0.03953517064909744,1.8285419603357638,0.0,1.7903630157234738,0.0,False,True,False,True,False,False,False
112,0,0.5647181360657391,-1.730237613536459,1.8285419603357638,0.0,0.42135839539079556,0.0,False,False,False,True,False,False,False
113,0,0.5647181360657391,-0.7909584785990359,-0.43295451957572234,0.0,-0.48288667871701796,0.0,True,False,True,False,True,False,False
114,0,0.5647181360657391,-1.0414329145823487,1.8285419603357638,0.0,-0.23226442979578377,0.0,False,False,True,True,False,False,False
115,0,0.5647181360657391,-1.4171445685573179,-0.43295451957572234,0.0,0.42193729748689524,0.0,False,False,False,True,False,False,False
116,0,0.5647181360657391,-0.9161956965906923,-0.43295451957572234,0.0,-0.5005361328664008,0.0,True,False,True,False,True,False,False
118,0,-1.2961986747280732,0.08570204734255897,1.8285419603357638,0.0,1.3455967711590298,0.0,True,False,True,False,True,False,False
122,0,0.5647181360657391,-0.03953517064909744,-0.43295451957572234,0.0,-0.48288667871701796,0.0,True,False,True,False,True,False,False
123,0,-1.2961986747280732,0.5240323103133564,1.8285419603357638,0.0,2.6263541207447942,0.0,True,False,False,False,True,False,False
126,1,0.5647181360657391,-2.0433306585156,1.8285419603357638,0.0,-0.03223257624833992,0.0,True,False,False,False,False,False,False
127,0,0.5647181360657391,-0.03953517064909744,-0.43295451957572234,0.0,-0.5252453686755365,0.0,True,True,False,False,True,False,False
128,1,0.5647181360657391,-0.540484042615723,-0.43295451957572234,0.0,-0.6111346723480925,0.0,True,False,True,False,True,False,False
130,0,0.5647181360657391,2.0894975352090617,-0.43295451957572234,0.0,-0.6346719844017094,0.0,True,False,True,False,True,False,False
131,0,0.5647181360657391,0.5866509193091846,-0.43295451957572234,0.0,-0.5046590453556965,0.0,True,False,False,False,True,False,False
132,0,0.5647181360657391,-1.0414329145823487,-0.43295451957572234,0.0,-0.6240823119120796,0.0,True,False,True,False,True,False,False
133,0,0.5647181360657391,2.3399719711923743,1.8285419603357638,0.0,0.42782515539112936,0.0,False,False,True,False,False,True,False
134,1,-1.2961986747280732,0.08570204734255897,1.8285419603357638,0.0,2.051574937134338,0.0,False,False,True,False,False,True,False
135,0,-1.2961986747280732,-0.41524682462406665,-0.43295451957572234,0.0,0.21603170559853696,0.0,True,False,True,False,True,False,False
136,0,-1.2961986747280732,-0.6657212606073795,-0.43295451957572234,0.0,0.504889731988994,0.0,True,False,False,False,True,False,False
139,0,0.5647181360657391,-1.5423817865489744,-0.43295451957572234,0.0,-0.31815373346833975,0.0,True,False,True,False,True,False,False
142,1,0.5647181360657391,-0.7909584785990359,-0.43295451957572234,0.0,-0.5252453686755365,0.0,False,False,True,True,False,False,False
143,1,0.5647181360657391,-0.540484042615723,1.8285419603357638,0.0,0.6184392602044625,0.0,False,False,True,False,False,True,False
144,0,0.5647181360657391,-1.1666701325740052,-0.43295451957572234,0.0,-0.6664410018705982,0.0,True,True,False,False,True,False,False
145,0,-1.2961986747280732,-1.2919073505656615,-0.43295451957572234,0.0,0.004238255805944529,0.0,True,False,True,False,True,False,False
147,1,0.5647181360657391,-0.16477238864075383,-0.43295451957572234,0.0,-0.5187786086752028,0.0,True,False,True,False,True,False,False
150,0,-1.2961986747280732,1.7137858812340923,-0.43295451957572234,0.0,0.21603170559853696,0.0,True,False,True,False,False,False,True
151,0,-1.2961986747280732,2.840920843159,-0.43295451957572234,0.0,0.14896377983088274,0.0,True,False,True,False,False,False,True
155,0,0.5647181360657391,-0.03953517064909744,-0.43295451957572234,0.0,-0.587018458198376,0.0,True,False,True,False,True,False,False
157,1,0.5647181360657391,-1.5423817865489744,-0.43295451957572234,0.0,-0.527603335749894,0.0,False,True,False,True,False,False,False
158,0,0.5647181360657391,0.2109392653342154,-0.43295451957572234,0.0,-0.48288667871701796,0.0,True,False,True,False,True,False,False
159,0,0.5647181360657391,-0.03953517064909744,-0.43295451957572234,0.0,-0.3964043533850429,0.0,True,False,True,False,True,False,False
162,1,-1.2961986747280732,1.4633114452507794,-0.43295451957572234,0.0,0.6043196968849563,0.0,False,False,True,False,False,True,False
163,0,0.5647181360657391,-0.29000960663241027,-0.43295451957572234,0.0,-0.52171547784566,0.0,True,False,True,False,True,False,False
164,0,0.5647181360657391,-1.4171445685573179,-0.43295451957572234,0.0,-0.3964043533850429,0.0,True,False,True,False,True,False,False
169,0,-3.1571154855218855,-0.03953517064909744,-0.43295451957572234,0.0,2.0409852646447084,0.0,True,False,True,False,True,False,False
174,0,0.5647181360657391,-0.9161956965906923,-0.43295451957572234,0.0,-0.5005361328664008,0.0,True,False,True,False,True,False,False
179,0,-1.2961986747280732,0.2109392653342154,-0.43295451957572234,0.0,0.21603170559853696,0.0,True,False,True,False,True,False,False
180,0,0.5647181360657391,0.9623625732841539,-0.43295451957572234,0.0,-1.619511525937264,0.0,True,False,True,False,True,False,False
182,0,-1.2961986747280732,-0.03953517064909744,-0.43295451957572234,0.0,0.5054827536484133,0.0,True,False,False,False,True,False,False
187,1,0.5647181360657391,-0.03953517064909744,1.8285419603357638,0.0,0.569020788586191,0.0,False,True,False,False,False,True,False
188,1,-3.1571154855218855,2.0894975352090617,-0.43295451957572234,0.0,2.1292325353916217,0.0,True,False,True,False,True,False,False
190,0,0.5647181360657391,0.9623625732841539,-0.43295451957572234,0.0,-0.5046590453556965,0.0,True,False,True,False,True,False,False
191,1,-1.2961986747280732,0.4614137013175282,-0.43295451957572234,0.0,0.21603170559853696,0.0,False,False,True,False,False,True,False
192,0,-1.2961986747280732,-1.1666701325740052,-0.43295451957572234,0.0,0.21603170559853696,0.0,True,False,True,False,True,False,False
193,1,0.5647181360657391,-1.1666701325740052,1.8285419603357638,0.0,-0.5105327836966111,0.0,False,False,True,True,False,False,False
197,0,0.5647181360657391,-0.03953517064909744,-0.43295451957572234,0.0,-0.5252453686755365,0.0,True,True,False,False,True,False,False
199,1,0.5647181360657391,-0.03953517064909744,-0.43295451957572234,0.0,-0.5252453686755365,0.0,False,True,False,True,False,False,False
200,0,-1.2961986747280732,-0.540484042615723,-0.43295451957572234,0.0,0.21603170559853696,0.0,False,False,True,True,False,False,False
201,0,0.5647181360657391,-0.03953517064909744,-0.43295451957572234,0.0,-0.2781530105841787,0.0,True,False,True,False,True,False,False
203,0,0.5647181360657391,0.711888137300841,-0.43295451957572234,0.0,-0.7023329318287828,0.0,True,False,True,False,True,False,False
204,0,0.5647181360657391,2.1521161442048897,-0.43295451957572234,0.0,-0.5993730761029439,0.0,True,False,False,False,True,False,False
205,1,0.5647181360657391,-1.2919073505656615,-0.43295451957572234,0.0,-0.48288667871701796,0.0,True,False,True,False,True,False,False
207,0,0.5647181360657391,0.4614137013175282,1.8285419603357638,0.0,0.6184392602044625,0.0,True,False,True,False,True,False,False
208,1,0.5647181360657391,-0.29000960663241027,-0.43295451957572234,0.0,1.0332014327149563,0.0,True,False,False,False,True,False,False
209,1,0.5647181360657391,-1.5423817865489744,-0.43295451957572234,0.0,-0.5252453686755365,0.0,False,True,False,True,False,False,False
211,0,0.5647181360657391,-0.540484042615723,-0.43295451957572234,0.0,-0.6240823119120796,0.0,True,False,True,False,True,False,False
212,1,-1.2961986747280732,0.8371253552924974,-0.43295451957572234,0.0,1.3455967711590298,0.0,False,False,True,True,False,False,False
213,0,0.5647181360657391,-0.7909584785990359,-0.43295451957572234,0.0,-0.5958431852730673,0.0,True,False,True,False,True,False,False
214,0,-1.2961986747280732,0.2109392653342154,-0.43295451957572234,0.0,0.21603170559853696,0.0,True,False,True,False,True,False,False
215,0,0.5647181360657391,-0.03953517064909744,1.8285419603357638,0.0,-0.5252453686755365,0.0,True,True,False,False,True,False,False
217,1,0.5647181360657391,-0.16477238864075383,-0.43295451957572234,0.0,-0.5005361328664008,0.0,False,False,True,True,False,False,False
218,0,-1.2961986747280732,1.7137858812340923,1.8285419603357638,0.0,2.1927705703293996,0.0,True,False,True,False,True,False,False
220,0,-1.2961986747280732,0.2109392653342154,-0.43295451957572234,0.0,-0.1369573773891171,0.0,True,False,True,False,True,False,False
221,1,0.5647181360657391,-1.5423817865489744,-0.43295451957572234,0.0,-0.48288667871701796,0.0,True,False,True,False,True,False,False
222,0,-1.2961986747280732,-0.16477238864075383,-0.43295451957572234,0.0,0.21603170559853696,0.0,True,False,True,False,True,False,False
223,0,0.5647181360657391,2.840920843159,-0.43295451957572234,0.0,-0.48288667871701796,0.0,True,False,True,False,True,False,False
224,0,0.5647181360657391,-0.03953517064909744,-0.43295451957572234,0.0,-0.5046590453556965,0.0,True,False,True,False,True,False,False
226,0,0.5647181360657391,-0.7909584785990359,-0.43295451957572234,0.0,-0.299332355563438,0.0,True,False,True,False,True,False,False
227,1,-1.2961986747280732,-1.1666701325740052,-0.43295451957572234,0.0,-0.1369573773891171,0.0,True,False,True,False,True,False,False
228,0,0.5647181360657391,-0.9788143055865205,-0.43295451957572234,0.0,-0.5958431852730673,0.0,True,False,True,False,True,False,False
229,0,-1.2961986747280732,-1.2919073505656615,-0.43295451957572234,0.0,0.21603170559853696,0.0,True,False,True,False,True,False,False
232,0,0.5647181360657391,0.08570204734255897,-0.43295451957572234,0.0,-0.52171547784566,0.0,True,False,True,False,True,False,False
235,0,-1.2961986747280732,-0.540484042615723,-0.43295451957572234,0.0,-0.1369573773891171,0.0,True,False,True,False,True,False,False
236,0,0.5647181360657391,-0.03953517064909744,-0.43295451957572234,0.0,-0.5534844953145489,0.0,False,False,True,True,False,False,False
237,0,-1.2961986747280732,1.9642603172174051,1.8285419603357638,0.0,2.051574937134338,0.0,True,False,True,False,True,False,False
239,0,-1.2961986747280732,-1.1666701325740052,-0.43295451957572234,0.0,-0.1369573773891171,0.0,True,False,True,False,True,False,False
240,0,-1.2961986747280732,0.5866509193091846,-0.43295451957572234,0.0,0.11366487153211732,0.0,True,False,True,False,True,False,False
241,0,0.5647181360657391,-0.03953517064909744,1.8285419603357638,0.0,0.42135839539079556,0.0,False,False,False,True,False,False,False
242,1,0.5647181360657391,-0.03953517064909744,1.8285419603357638,0.0,0.569020788586191,0.0,False,True,False,True,False,False,False
243,0,-1.2961986747280732,0.08570204734255897,-0.43295451957572234,0.0,-0.1369573773891171,0.0,True,False,True,False,True,False,False
244,0,0.5647181360657391,-0.7909584785990359,-0.43295451957572234,0.0,-0.61349263942245,0.0,True,False,True,False,True,False,False
245,0,0.5647181360657391,0.2109392653342154,-0.43295451957572234,0.0,-0.5993730761029439,0.0,True,False,False,False,True,False,False
247,0,0.5647181360657391,-0.41524682462406665,-0.43295451957572234,0.0,-0.52171547784566,0.0,False,False,True,True,False,False,False
250,0,-1.2961986747280732,3.2166324971339693,1.8285419603357638,0.0,2.051574937134338,0.0,True,False,True,False,False,False,True
251,0,0.5647181360657391,-0.03953517064909744,-0.43295451957572234,0.0,-0.5958431852730673,0.0,True,False,True,False,True,False,False
254,0,0.5647181360657391,0.2109392653342154,1.8285419603357638,0.0,0.6537381685032282,0.0,True,False,True,False,True,False,False
261,0,0.5647181360657391,-0.03953517064909744,-0.43295451957572234,0.0,-0.5252453686755365,0.0,True,True,False,False,True,False,False
265,0,0.5647181360657391,-0.03953517064909744,-0.43295451957572234,0.0,-0.5252453686755365,0.0,False,True,False,True,False,False,False
266,0,-1.2961986747280732,0.9623625732841539,-0.43295451957572234,0.0,-0.1369573773891171,0.0,True,False,True,False,True,False,False
268,1,0.5647181360657391,-0.41524682462406665,1.8285419603357638,0.0,-0.52171547784566,0.0,True,False,True,False,True,False,False
271,0,-3.1571154855218855,-0.03953517064909744,-0.43295451957572234,0.0,2.757553103109646,0.0,True,False,True,False,True,False,False
272,1,0.5647181360657391,-0.41524682462406665,-0.43295451957572234,0.0,-1.619511525937264,0.0,True,False,True,False,True,False,False
275,1,0.5647181360657391,-0.03953517064909744,-0.43295451957572234,0.0,-0.5252453686755365,0.0,False,True,False,True,False,False,False
277,0,0.5647181360657391,2.0894975352090617,-0.43295451957572234,0.0,-0.5252453686755365,0.0,False,False,True,True,False,False,False
278,0,-1.2961986747280732,-0.03953517064909744,-0.43295451957572234,0.0,-1.619511525937264,0.0,True,False,True,False,True,False,False
282,0,0.5647181360657391,-0.03953517064909744,-0.43295451957572234,0.0,-0.5105327836966111,0.0,True,False,True,False,True,False,False
283,0,0.5647181360657391,-1.5423817865489744,-0.43295451957572234,0.0,-0.2781530105841787,0.0,True,False,True,False,True,False,False
284,1,0.5647181360657391,-1.1666701325740052,-0.43295451957572234,0.0,-0.48288667871701796,0.0,True,False,True,False,True,False,False
286,0,0.5647181360657391,0.5866509193091846,-0.43295451957572234,0.0,-0.3964043533850429,0.0,True,False,False,False,True,False,False
287,1,0.5647181360657391,0.2109392653342154,-0.43295451957572234,0.0,-0.2781530105841787,0.0,True,False,True,False,True,False,False
288,0,0.5647181360657391,-0.7909584785990359,-0.43295451957572234,0.0,-0.5046590453556965,0.0,True,False,True,False,True,False,False
289,1,-1.2961986747280732,1.7137858812340923,-0.43295451957572234,0.0,0.21603170559853696,0.0,True,False,True,False,True,False,False
290,1,0.5647181360657391,-0.7909584785990359,-0.43295451957572234,0.0,-0.5252453686755365,0.0,False,True,False,True,False,False,False
294,0,0.5647181360657391,-0.540484042615723,-0.43295451957572234,0.0,-0.3699301721609688,0.0,False,False,True,True,False,False,False
295,0,0.5647181360657391,-0.540484042615723,-0.43295451957572234,0.0,-0.5046590453556965,0.0,True,False,True,False,True,False,False
296,0,-3.1571154855218855,-0.03953517064909744,-0.43295451957572234,0.0,2.2945443827364005,0.0,True,False,False,False,True,False,False
297,0,0.5647181360657391,-0.6031026516115513,-0.43295451957572234,0.0,-0.5987800544435247,0.0,True,False,False,False,True,False,False
301,1,0.5647181360657391,-0.03953517064909744,-0.43295451957572234,0.0,-0.5252453686755365,0.0,False,True,False,True,False,False,False
302,1,0.5647181360657391,-0.03953517064909744,4.09003844024725,0.0,1.6632869458479185,0.0,True,True,False,False,True,False,False
303,0,0.5647181360657391,-1.1666701325740052,-0.43295451957572234,0.0,-1.619511525937264,0.0,True,False,True,False,True,False,False
305,0,0.5647181360657391,-0.03953517064909744,-0.43295451957572234,0.0,-0.48288667871701796,0.0,True,False,True,False,True,False,False
309,0,-1.2961986747280732,0.2109392653342154,1.8285419603357638,0.0,1.7691836707442148,0.0,True,False,False,False,True,False,False
314,0,0.5647181360657391,-0.03953517064909744,-0.43295451957572234,0.0,-0.5046590453556965,0.0,True,False,True,False,True,False,False
316,1,0.5647181360657391,-0.29000960663241027,-0.43295451957572234,0.0,-0.5105327836966111,0.0,False,False,True,True,False,False,False
317,1,-1.2961986747280732,-0.540484042615723,1.8285419603357638,0.0,2.051574937134338,0.0,False,False,True,False,False,True,False
318,0,-1.2961986747280732,3.2166324971339693,-0.43295451957572234,0.0,0.3572273387935986,0.0,True,False,True,False,False,False,True
321,0,0.5647181360657391,-0.7909584785990359,-0.43295451957572234,0.0,-0.5958431852730673,0.0,True,False,True,False,True,False,False
322,0,0.5647181360657391,-0.16477238864075383,-0.43295451957572234,0.0,-0.5046590453556965,0.0,True,False,True,False,True,False,False
323,1,-1.2961986747280732,0.2109392653342154,-0.43295451957572234,0.0,0.12425454402174685,0.0,False,True,False,True,False,False,False
331,1,0.5647181360657391,-0.03953517064909744,4.09003844024725,0.0,1.6632869458479185,0.0,False,True,False,True,False,False,False
334,0,0.5647181360657391,-1.5423817865489744,4.09003844024725,0.0,0.9220098715738451,0.0,True,False,True,False,True,False,False
336,0,0.5647181360657391,-0.03953517064909744,-0.43295451957572234,0.0,-0.5046590453556965,0.0,True,False,True,False,True,False,False
339,1,0.5647181360657391,2.0894975352090617,-0.43295451957572234,0.0,-0.48288667871701796,0.0,True,False,True,False,True,False,False
343,0,-1.2961986747280732,-0.03953517064909744,-0.43295451957572234,0.0,0.21603170559853696,0.0,True,False,True,False,True,False,False
344,0,-1.2961986747280732,-0.41524682462406665,-0.43295451957572234,0.0,0.21603170559853696,0.0,True,False,True,False,True,False,False
345,0,-1.2961986747280732,0.9623625732841539,-0.43295451957572234,0.0,0.21603170559853696,0.0,True,False,True,False,True,False,False
347,1,-1.2961986747280732,1.4633114452507794,-0.43295451957572234,0.0,0.21603170559853696,0.0,False,False,True,True,False,False,False
348,1,0.5647181360657391,-0.03953517064909744,1.8285419603357638,0.0,0.6537381685032282,0.0,False,False,True,False,False,True,False
350,0,0.5647181360657391,1.7137858812340923,-0.43295451957572234,0.0,-0.3964043533850429,0.0,True,False,True,False,True,False,False
351,0,0.5647181360657391,-0.6657212606073795,-0.43295451957572234,0.0,-0.3169818097128207,0.0,True,False,True,False,True,False,False
354,0,0.5647181360657391,-0.41524682462406665,1.8285419603357638,0.0,0.8937707449348328,0.0,True,False,True,False,True,False,False
355,0,0.5647181360657391,-0.03953517064909744,-0.43295451957572234,0.0,-0.5993730761029439,0.0,True,False,False,False,True,False,False
356,0,0.5647181360657391,-0.03953517064909744,-0.43295451957572234,0.0,-0.2781530105841787,0.0,True,False,True,False,True,False,False
358,0,-1.2961986747280732,1.2128370092674667,-0.43295451957572234,0.0,0.21603170559853696,0.0,False,False,True,True,False,False,False
359,1,0.5647181360657391,-0.03953517064909744,-0.43295451957572234,0.0,-0.5070028928667346,0.0,False,True,False,True,False,False,False
360,1,0.5647181360657391,-0.03953517064909744,-0.43295451957572234,0.0,-0.5070028928667346,0.0,False,True,False,True,False,False,False
362,0,-1.2961986747280732,0.08570204734255897,1.8285419603357638,0.0,2.2945443827364005,0.0,True,False,False,False,True,False,False
364,0,0.5647181360657391,0.8371253552924974,-0.43295451957572234,0.0,-0.6240823119120796,0.0,True,False,True,False,True,False,False
365,0,0.5647181360657391,-0.03953517064909744,1.8285419603357638,0.0,0.569020788586191,0.0,True,True,False,False,True,False,False
366,0,0.5647181360657391,0.2109392653342154,-0.43295451957572234,0.0,-0.5958431852730673,0.0,True,False,True,False,True,False,False
368,1,0.5647181360657391,-0.03953517064909744,-0.43295451957572234,0.0,-0.5987800544435247,0.0,False,False,False,False,False,True,False
369,1,0.5647181360657391,-0.03953517064909744,-0.43295451957572234,0.0,-0.5252453686755365,0.0,False,True,False,True,False,False,False
372,0,0.5647181360657391,-1.2919073505656615,1.8285419603357638,0.0,-0.7023329318287828,0.0,True,False,True,False,True,False,False
373,0,0.5647181360657391,-1.1666701325740052,-0.43295451957572234,0.0,-0.48288667871701796,0.0,True,False,True,False,True,False,False
377,1,0.5647181360657391,-0.7909584785990359,-0.43295451957572234,0.0,-0.5958431852730673,0.0,False,False,True,True,False,False,False
379,0,0.5647181360657391,-1.0414329145823487,-0.43295451957572234,0.0,-1.0529640477420792,0.0,True,False,False,False,True,False,False
380,0,0.5647181360657391,-1.1666701325740052,-0.43295451957572234,0.0,-0.52171547784566,0.0,True,False,True,False,True,False,False
383,0,0.5647181360657391,0.4614137013175282,-0.43295451957572234,0.0,-0.5005361328664008,0.0,True,False,True,False,True,False,False
384,1,-3.1571154855218855,0.8371253552924974,1.8285419603357638,0.0,5.72266140020594,0.0,False,False,True,False,False,True,False
385,0,0.5647181360657391,-0.03953517064909744,-0.43295451957572234,0.0,-0.5046590453556965,0.0,True,False,True,False,True,False,False
388,1,-1.2961986747280732,0.9623625732841539,-0.43295451957572234,0.0,0.21603170559853696,0.0,False,False,True,True,False,False,False
389,0,0.5647181360657391,-0.03953517064909744,-0.43295451957572234,0.0,-0.5281822378459938,0.0,True,True,False,False,True,False,False
390,1,-1.2961986747280732,-1.4171445685573179,-0.43295451957572234,0.0,0.07483607240347534,0.0,False,False,False,True,False,False,False
392,1,0.5647181360657391,-0.9161956965906923,-0.43295451957572234,0.0,-0.5187786086752028,0.0,True,False,True,False,True,False,False
393,0,0.5647181360657391,-0.03953517064909744,4.09003844024725,0.0,-0.5005361328664008,0.0,True,False,True,False,True,False,False
396,0,0.5647181360657391,-0.7909584785990359,-0.43295451957572234,0.0,-0.5187786086752028,0.0,True,False,True,False,True,False,False
397,0,0.5647181360657391,0.3361764833258718,-0.43295451957572234,0.0,-0.5105327836966111,0.0,False,False,True,True,False,False,False
398,0,-1.2961986747280732,2.2147347532007178,-0.43295451957572234,0.0,2.051574937134338,0.0,True,False,True,False,True,False,False
399,0,-1.2961986747280732,-0.6657212606073795,-0.43295451957572234,0.0,-0.1369573773891171,0.0,True,False,True,False,False,False,True
400,1,-1.2961986747280732,-0.03953517064909744,-0.43295451957572234,0.0,0.16661323398026542,0.0,False,False,True,False,False,True,False
401,1,0.5647181360657391,1.338074227259123,-0.43295451957572234,0.0,-0.5005361328664008,0.0,True,False,True,False,True,False,False
402,0,0.5647181360657391,-0.29000960663241027,-0.43295451957572234,0.0,-0.48288667871701796,0.0,True,False,True,False,True,False,False
403,0,0.5647181360657391,-0.9161956965906923,1.8285419603357638,0.0,-0.23226442979578377,0.0,False,False,True,True,False,False,False
404,0,0.5647181360657391,-0.03953517064909744,1.8285419603357638,0.0,0.6184392602044625,0.0,True,False,True,False,True,False,False
405,0,0.5647181360657391,-1.0414329145823487,-0.43295451957572234,0.0,-0.3964043533850429,0.0,False,False,True,True,False,False,False
406,0,-1.2961986747280732,0.711888137300841,1.8285419603357638,0.0,1.3455967711590298,0.0,True,False,True,False,True,False,False
407,0,0.5647181360657391,2.840920843159,-0.43295451957572234,0.0,-0.5252453686755365,0.0,True,False,True,False,True,False,False
409,0,0.5647181360657391,-0.9161956965906923,-0.43295451957572234,0.0,-0.52171547784566,0.0,True,False,True,False,True,False,False
411,0,0.5647181360657391,-0.03953517064909744,-0.43295451957572234,0.0,-0.5046590453556965,0.0,True,False,True,False,True,False,False
412,0,0.5647181360657391,-0.03953517064909744,-0.43295451957572234,0.0,-0.651149514795573,0.0,True,True,False,False,True,False,False
414,0,-1.2961986747280732,-0.03953517064909744,-0.43295451957572234,0.0,-1.619511525937264,0.0,True,False,True,False,True,False,False
415,1,0.5647181360657391,1.9642603172174051,-0.43295451957572234,0.0,-0.5005361328664008,0.0,True,False,True,False,True,False,False
416,0,0.5647181360657391,-0.03953517064909744,-0.43295451957572234,0.0,-0.48288667871701796,0.0,False,False,True,False,False,True,False
419,0,-1.2961986747280732,0.2109392653342154,-0.43295451957572234,0.0,0.21603170559853696,0.0,True,False,True,False,True,False,False
421,0,0.5647181360657391,-0.03953517064909744,-0.43295451957572234,0.0,-0.5046590453556965,0.0,True,False,False,False,True,False,False
422,0,0.5647181360657391,-0.9161956965906923,-0.43295451957572234,0.0,-0.527603335749894,0.0,True,True,False,False,True,False,False
423,0,0.5647181360657391,0.08570204734255897,-0.43295451957572234,0.0,-0.5075959145261538,0.0,True,False,True,False,True,False,False
426,0,0.5647181360657391,-0.03953517064909744,-0.43295451957572234,0.0,-0.5958431852730673,0.0,True,False,True,False,True,False,False
427,1,-1.2961986747280732,-0.03953517064909744,1.8285419603357638,0.0,2.051574937134338,0.0,False,False,True,False,False,True,False
428,1,-1.2961986747280732,-1.1666701325740052,-0.43295451957572234,0.0,2.051574937134338,0.0,False,False,True,True,False,False,False
429,0,0.5647181360657391,-0.03953517064909744,-0.43295451957572234,0.0,-0.5252453686755365,0.0,True,True,False,False,True,False,False
432,1,0.5647181360657391,-0.03953517064909744,1.8285419603357638,0.0,0.6537381685032282,0.0,False,False,True,False,False,True,False
433,1,-1.2961986747280732,1.7137858812340923,1.8285419603357638,0.0,2.051574937134338,0.0,False,False,True,False,False,True,False
434,0,0.5647181360657391,-1.4171445685573179,-0.43295451957572234,0.0,-0.61349263942245,0.0,True,False,True,False,True,False,False
440,0,-1.2961986747280732,0.3361764833258718,-0.43295451957572234,0.0,-0.1369573773891171,0.0,True,False,True,False,True,False,False
442,0,0.5647181360657391,-1.0414329145823487,-0.43295451957572234,0.0,-0.2781530105841787,0.0,True,False,True,False,True,False,False
443,0,0.5647181360657391,-0.41524682462406665,1.8285419603357638,0.0,-0.52171547784566,0.0,True,False,True,False,True,False,False
444,1,-1.2961986747280732,-0.03953517064909744,-0.43295451957572234,0.0,0.21603170559853696,0.0,False,False,True,False,False,False,True
445,1,0.5647181360657391,-0.03953517064909744,-0.43295451957572234,0.0,-0.47406195164232656,0.0,True,False,True,False,True,False,False
448,1,-3.1571154855218855,0.711888137300841,-0.43295451957572234,0.0,2.1292325353916217,0.0,True,False,True,False,True,False,False
452,0,0.5647181360657391,-0.03953517064909744,1.8285419603357638,0.0,1.1996993233785727,0.0,True,False,True,False,True,False,False
455,0,0.5647181360657391,-0.03953517064909744,-0.43295451957572234,0.0,-0.48288667871701796,0.0,True,False,True,False,True,False,False
456,1,0.5647181360657391,0.08570204734255897,-0.43295451957572234,0.0,-0.5046590453556965,0.0,True,False,False,False,True,False,False
459,1,-1.2961986747280732,2.7156836251673435,-0.43295451957572234,0.0,-0.1369573773891171,0.0,False,False,True,True,False,False,False
460,0,0.5647181360657391,-0.03953517064909744,-0.43295451957572234,0.0,-0.5252453686755365,0.0,True,True,False,False,True,False,False
462,0,0.5647181360657391,0.711888137300841,-0.43295451957572234,0.0,-0.48288667871701796,0.0,True,False,True,False,True,False,False
464,0,-1.2961986747280732,2.465209189184031,-0.43295451957572234,0.0,0.21603170559853696,0.0,True,False,True,False,True,False,False
465,0,0.5647181360657391,-0.03953517064909744,-0.43295451957572234,0.0,-0.48288667871701796,0.0,True,False,True,False,True,False,False
466,0,0.5647181360657391,1.2128370092674667,-0.43295451957572234,0.0,-0.6240823119120796,0.0,True,False,True,False,True,False,False
467,0,-1.2961986747280732,-0.03953517064909744,-0.43295451957572234,0.0,-1.619511525937264,0.0,True,False,True,False,True,False,False
469,0,0.5647181360657391,-0.03953517064909744,-0.43295451957572234,0.0,-0.5287752595054132,0.0,True,True,False,False,True,False,False
471,0,0.5647181360657391,-0.03953517064909744,-0.43295451957572234,0.0,-0.5958431852730673,0.0,True,False,True,False,True,False,False
472,0,0.5647181360657391,1.2128370092674667,-0.43295451957572234,0.0,-0.3964043533850429,0.0,True,False,True,False,True,False,False
475,0,0.5647181360657391,-0.7909584785990359,-0.43295451957572234,0.0,-0.23049948438084536,0.0,False,False,True,True,False,False,False
477,0,-1.2961986747280732,0.711888137300841,1.8285419603357638,0.0,1.3455967711590298,0.0,True,False,True,False,True,False,False
478,0,0.5647181360657391,0.08570204734255897,1.8285419603357638,0.0,-0.624675333571499,0.0,True,False,True,False,True,False,False
479,0,0.5647181360657391,-0.7909584785990359,-0.43295451957572234,0.0,-0.5576074078038445,0.0,True,False,True,False,True,False,False
482,0,-1.2961986747280732,-0.03953517064909744,-0.43295451957572234,0.0,-1.619511525937264,0.0,True,False,True,False,True,False,False
483,0,0.5647181360657391,2.7156836251673435,-0.43295451957572234,0.0,-0.48288667871701796,0.0,True,False,True,False,True,False,False
489,0,0.5647181360657391,0.2109392653342154,-0.43295451957572234,0.0,-0.48288667871701796,0.0,True,False,True,False,True,False,False
491,0,0.5647181360657391,-0.03953517064909744,1.8285419603357638,0.0,1.1996993233785727,0.0,True,False,True,False,True,False,False
492,0,0.5647181360657391,-0.9161956965906923,-0.43295451957572234,0.0,-0.5958431852730673,0.0,True,False,True,False,True,False,False
495,0,0.5647181360657391,-0.9161956965906923,-0.43295451957572234,0.0,-0.48288667871701796,0.0,True,False,True,False,True,False,False
496,0,0.5647181360657391,-0.03953517064909744,-0.43295451957572234,0.0,0.42193729748689524,0.0,True,False,False,False,True,False,False
498,0,0.5647181360657391,-0.03953517064909744,-0.43295451957572234,0.0,0.5125425353081663,0.0,True,False,True,False,True,False,False
500,0,0.5647181360657391,-0.540484042615723,-0.43295451957572234,0.0,-0.5187786086752028,0.0,True,False,True,False,True,False,False
501,0,0.5647181360657391,-1.4171445685573179,-0.43295451957572234,0.0,-0.3964043533850429,0.0,True,False,True,False,True,False,False
502,0,0.5647181360657391,-0.9161956965906923,-0.43295451957572234,0.0,-0.5252453686755365,0.0,False,True,False,True,False,False,False
503,0,0.5647181360657391,-0.03953517064909744,-0.43295451957572234,0.0,-0.5423018011655,0.0,False,True,False,True,False,False,False
504,0,0.5647181360657391,1.0875997912758102,-0.43295451957572234,0.0,-0.26579839267961075,0.0,False,False,True,True,False,False,False
508,1,-3.1571154855218855,-0.03953517064909744,-0.43295451957572234,0.0,2.1292325353916217,0.0,True,False,True,False,True,False,False
509,0,0.5647181360657391,-0.03953517064909744,-0.43295451957572234,0.0,1.5609201117814986,0.0,True,False,True,False,True,False,False
511,1,0.5647181360657391,0.08570204734255897,-0.43295451957572234,0.0,-0.5252453686755365,0.0,True,True,False,False,True,False,False
512,0,0.5647181360657391,-0.03953517064909744,-0.43295451957572234,0.0,-0.48288667871701796,0.0,True,False,True,False,True,False,False
515,0,0.5647181360657391,-0.540484042615723,-0.43295451957572234,0.0,-0.5611372986337212,0.0,True,False,True,False,True,False,False
518,0,0.5647181360657391,-0.03953517064909744,-0.43295451957572234,0.0,1.7903630157234738,0.0,True,True,False,False,True,False,False
519,1,-1.2961986747280732,0.9623625732841539,1.8285419603357638,0.0,2.051574937134338,0.0,False,False,True,False,False,True,False
520,0,0.5647181360657391,0.4614137013175282,-0.43295451957572234,0.0,-0.5046590453556965,0.0,True,False,True,False,True,False,False
522,0,0.5647181360657391,-0.7909584785990359,-0.43295451957572234,0.0,-0.5046590453556965,0.0,True,False,True,False,True,False,False
523,0,0.5647181360657391,-0.03953517064909744,-0.43295451957572234,0.0,-0.5993730761029439,0.0,True,False,False,False,True,False,False
525,0,0.5647181360657391,-0.03953517064909744,-0.43295451957572234,0.0,-0.5987800544435247,0.0,True,False,False,False,True,False,False
526,0,0.5647181360657391,1.5259300542466077,-0.43295451957572234,0.0,-0.5252453686755365,0.0,True,True,False,False,True,False,False
527,1,-1.2961986747280732,2.7156836251673435,-0.43295451957572234,0.0,-0.1369573773891171,0.0,False,False,True,True,False,False,False
529,0,0.5647181360657391,1.338074227259123,-0.43295451957572234,0.0,-0.5005361328664008,0.0,True,False,True,False,True,False,False
532,0,0.5647181360657391,-0.03953517064909744,-0.43295451957572234,0.0,-0.5987800544435247,0.0,True,False,False,False,True,False,False
535,0,0.5647181360657391,0.2109392653342154,-0.43295451957572234,0.0,-0.3964043533850429,0.0,False,False,True,True,False,False,False
539,0,0.5647181360657391,-0.03953517064909744,-0.43295451957572234,0.0,0.42782515539112936,0.0,True,False,True,False,True,False,False
544,1,-1.2961986747280732,0.4614137013175282,1.8285419603357638,0.0,2.051574937134338,0.0,True,False,True,False,True,False,False
547,1,-1.2961986747280732,-1.1666701325740052,1.8285419603357638,0.0,2.051574937134338,0.0,False,False,True,False,False,True,False
548,1,-1.2961986747280732,-0.03953517064909744,-0.43295451957572234,0.0,0.3378129392292777,0.0,True,False,False,False,True,False,False
552,0,-1.2961986747280732,-0.16477238864075383,-0.43295451957572234,0.0,2.051574937134338,0.0,True,False,True,False,True,False,False
553,0,0.5647181360657391,-0.03953517064909744,-0.43295451957572234,0.0,-0.5140626745264876,0.0,True,True,False,False,True,False,False
554,1,0.5647181360657391,-0.7909584785990359,-0.43295451957572234,0.0,-0.5993730761029439,0.0,True,False,False,False,True,False,False
555,1,0.5647181360657391,-0.7909584785990359,-0.43295451957572234,0.0,-0.52171547784566,0.0,False,False,True,True,False,False,False
560,1,0.5647181360657391,0.9623625732841539,1.8285419603357638,0.0,0.8372924916568079,0.0,False,False,True,False,False,True,False
561,0,0.5647181360657391,-0.03953517064909744,-0.43295451957572234,0.0,-0.5252453686755365,0.0,True,True,False,False,True,False,False
562,0,0.5647181360657391,1.4633114452507794,-0.43295451957572234,0.0,-0.5046590453556965,0.0,True,False,True,False,True,False,False
563,0,-1.2961986747280732,-0.03953517064909744,-0.43295451957572234,0.0,0.28662952219606774,0.0,True,False,True,False,True,False,False
564,0,0.5647181360657391,-0.03953517064909744,-0.43295451957572234,0.0,-0.48288667871701796,0.0,True,False,True,False,True,False,False
565,0,0.5647181360657391,-0.03953517064909744,-0.43295451957572234,0.0,-0.48288667871701796,0.0,False,False,True,True,False,False,False
566,0,0.5647181360657391,-0.540484042615723,4.09003844024725,0.0,1.7903630157234738,0.0,True,False,True,False,True,False,False
567,0,0.5647181360657391,-1.1666701325740052,-0.43295451957572234,0.0,-0.5046590453556965,0.0,True,False,True,False,True,False,False
569,0,0.5647181360657391,-0.03953517064909744,-0.43295451957572234,0.0,-0.5987800544435247,0.0,True,False,False,False,True,False,False
570,1,0.5647181360657391,0.4614137013175282,-0.43295451957572234,0.0,-0.5105327836966111,0.0,True,False,True,False,True,False,False
574,1,0.5647181360657391,-0.03953517064909744,-0.43295451957572234,0.0,-0.5252453686755365,0.0,False,True,False,True,False,False,False
575,0,0.5647181360657391,-1.5423817865489744,-0.43295451957572234,0.0,-0.48288667871701796,0.0,True,False,True,False,True,False,False
576,0,0.5647181360657391,-1.1666701325740052,-0.43295451957572234,0.0,0.42782515539112936,0.0,True,False,True,False,True,False,False
577,1,-1.2961986747280732,0.711888137300841,-0.43295451957572234,0.0,0.21603170559853696,0.0,False,False,True,True,False,False,False
579,0,0.5647181360657391,-0.03953517064909744,1.8285419603357638,0.0,0.42193729748689524,0.0,False,False,False,False,False,True,False
580,1,0.5647181360657391,0.4614137013175282,-0.43295451957572234,0.0,-0.5005361328664008,0.0,True,False,True,False,True,False,False
583,0,-1.2961986747280732,3.2166324971339693,-0.43295451957572234,0.0,2.051574937134338,0.0,True,False,True,False,True,False,False
585,0,0.5647181360657391,-0.03953517064909744,-0.43295451957572234,0.0,-0.3893445717252897,0.0,True,False,False,False,True,False,False
587,0,-1.2961986747280732,2.3399719711923743,-0.43295451957572234,0.0,0.4984229719886602,0.0,True,False,True,False,True,False,False
589,0,0.5647181360657391,-0.7909584785990359,-0.43295451957572234,0.0,-0.48288667871701796,0.0,True,False,True,False,True,False,False
590,0,0.5647181360657391,-0.03953517064909744,-0.43295451957572234,0.0,-0.48288667871701796,0.0,True,False,True,False,True,False,False
591,0,0.5647181360657391,0.8371253552924974,-0.43295451957572234,0.0,-0.61349263942245,0.0,True,False,True,False,True,False,False
593,0,0.5647181360657391,2.3399719711923743,-0.43295451957572234,0.0,-0.5958431852730673,0.0,True,False,True,False,True,False,False
595,0,-1.2961986747280732,1.0875997912758102,1.8285419603357638,0.0,2.051574937134338,0.0,True,False,True,False,True,False,False
597,1,-1.2961986747280732,-0.03953517064909744,-0.43295451957572234,0.0,3.0399443694997688,0.0,False,False,True,True,False,False,False
598,0,0.5647181360657391,2.590446407175687,-0.43295451957572234,0.0,-1.619511525937264,0.0,True,False,True,False,True,False,False
599,0,0.5647181360657391,-0.03953517064909744,-0.43295451957572234,0.0,-0.5993730761029439,0.0,True,False,False,False,True,False,False
602,0,0.5647181360657391,-0.03953517064909744,-0.43295451957572234,0.0,-0.5046590453556965,0.0,True,False,True,False,True,False,False
603,0,-3.1571154855218855,-0.03953517064909744,-0.43295451957572234,0.0,4.367183321533348,0.0,True,False,True,False,True,False,False
604,0,0.5647181360657391,1.9642603172174051,-0.43295451957572234,0.0,-0.48288667871701796,0.0,True,False,True,False,True,False,False
605,1,-3.1571154855218855,0.8371253552924974,-0.43295451957572234,0.0,2.1292325353916217,0.0,True,False,False,False,True,False,False
606,0,0.5647181360657391,0.9623625732841539,1.8285419603357638,0.0,0.5760805702459442,0.0,True,False,True,False,True,False,False
607,0,0.5647181360657391,0.2109392653342154,-0.43295451957572234,0.0,-0.5046590453556965,0.0,True,False,True,False,True,False,False
608,1,-3.1571154855218855,-0.16477238864075383,-0.43295451957572234,0.0,2.686955286512115,0.0,True,False,True,False,True,False,False
612,0,0.5647181360657391,-0.03953517064909744,-0.43295451957572234,0.0,-0.6240823119120796,0.0,True,False,True,False,True,False,False
613,1,0.5647181360657391,-0.03953517064909744,1.8285419603357638,0.0,0.569020788586191,0.0,False,True,False,True,False,False,False
614,0,0.5647181360657391,-0.03953517064909744,-0.43295451957572234,0.0,-0.5252453686755365,0.0,True,True,False,False,True,False,False
615,0,0.5647181360657391,0.8371253552924974,-0.43295451957572234,0.0,-0.48288667871701796,0.0,True,False,True,False,True,False,False
618,0,0.5647181360657391,-0.29000960663241027,1.8285419603357638,0.0,0.6537381685032282,0.0,False,False,True,False,False,True,False
620,0,-1.2961986747280732,-0.29000960663241027,-0.43295451957572234,0.0,-0.1369573773891171,0.0,True,False,True,False,True,False,False
621,0,0.5647181360657391,-0.16477238864075383,1.8285419603357638,0.0,0.42135839539079556,0.0,True,False,False,False,True,False,False
624,0,0.5647181360657391,-0.9161956965906923,-0.43295451957572234,0.0,-0.5105327836966111,0.0,True,False,True,False,True,False,False
625,0,0.5647181360657391,-0.9161956965906923,-0.43295451957572234,0.0,0.6537381685032282,0.0,True,False,True,False,True,False,False
629,0,0.5647181360657391,-0.29000960663241027,-0.43295451957572234,0.0,-0.5046590453556965,0.0,True,False,True,False,True,False,False
630,0,0.5647181360657391,-0.03953517064909744,-0.43295451957572234,0.0,-0.527603335749894,0.0,True,True,False,False,True,False,False
632,0,0.5647181360657391,2.840920843159,-0.43295451957572234,0.0,-0.6234892902526604,0.0,True,False,True,False,True,False,False
634,0,-3.1571154855218855,-0.03953517064909744,-0.43295451957572234,0.0,-1.619511525937264,0.0,True,False,True,False,True,False,False
636,1,-1.2961986747280732,-0.03953517064909744,-0.43295451957572234,0.0,0.21603170559853696,0.0,False,False,True,True,False,False,False
637,0,0.5647181360657391,0.4614137013175282,-0.43295451957572234,0.0,-0.5005361328664008,0.0,True,False,True,False,True,False,False
640,0,0.5647181360657391,-0.03953517064909744,1.8285419603357638,0.0,0.6537381685032282,0.0,True,False,True,False,True,False,False
641,0,0.5647181360657391,-1.0414329145823487,-0.43295451957572234,0.0,-0.5105327836966111,0.0,True,False,True,False,True,False,False
647,0,0.5647181360657391,-1.1666701325740052,-0.43295451957572234,0.0,-0.5046590453556965,0.0,True,False,True,False,True,False,False
649,0,0.5647181360657391,-0.03953517064909744,-0.43295451957572234,0.0,-0.5534844953145489,0.0,True,False,True,False,True,False,False
650,1,0.5647181360657391,-0.6657212606073795,-0.43295451957572234,0.0,-0.5534844953145489,0.0,False,False,True,True,False,False,False
651,0,0.5647181360657391,-0.03953517064909744,-0.43295451957572234,0.0,-0.5046590453556965,0.0,True,False,True,False,True,False,False
653,0,0.5647181360657391,-0.9161956965906923,-0.43295451957572234,0.0,-0.428766392513351,0.0,True,False,True,False,True,False,False
654,1,0.5647181360657391,-0.03953517064909744,-0.43295451957572234,0.0,-0.5140626745264876,0.0,False,True,False,True,False,False,False
655,0,0.5647181360657391,-1.2919073505656615,-0.43295451957572234,0.0,-0.6664410018705982,0.0,False,True,False,True,False,False,False
657,0,0.5647181360657391,-0.03953517064909744,-0.43295451957572234,0.0,-0.5046590453556965,0.0,True,False,True,False,True,False,False
659,0,-1.2961986747280732,-0.6657212606073795,-0.43295451957572234,0.0,0.21603170559853696,0.0,True,False,True,False,True,False,False
662,0,0.5647181360657391,1.4633114452507794,-0.43295451957572234,0.0,-0.5993730761029439,0.0,True,False,False,False,True,False,False
664,0,0.5647181360657391,0.9623625732841539,-0.43295451957572234,0.0,-0.5611372986337212,0.0,True,False,True,False,True,False,False
665,1,0.5647181360657391,-1.0414329145823487,1.8285419603357638,0.0,-0.5005361328664008,0.0,True,False,True,False,True,False,False
667,0,-1.2961986747280732,-0.41524682462406665,-0.43295451957572234,0.0,0.21603170559853696,0.0,True,False,True,False,True,False,False
668,0,0.5647181360657391,-0.03953517064909744,-0.43295451957572234,0.0,-0.52171547784566,0.0,True,False,True,False,True,False,False
669,0,0.5647181360657391,1.8390230992257488,-0.43295451957572234,0.0,-0.48288667871701796,0.0,True,False,True,False,True,False,False
674,1,-1.2961986747280732,0.3361764833258718,-0.43295451957572234,0.0,0.21603170559853696,0.0,True,False,True,False,True,False,False
675,0,-1.2961986747280732,-0.03953517064909744,-0.43295451957572234,0.0,-1.619511525937264,0.0,True,False,True,False,True,False,False
676,0,0.5647181360657391,-1.2919073505656615,-0.43295451957572234,0.0,-0.52171547784566,0.0,True,False,True,False,True,False,False
677,0,0.5647181360657391,-0.47786543361989486,-0.43295451957572234,0.0,-0.48288667871701796,0.0,True,False,True,False,True,False,False
678,1,0.5647181360657391,-1.2919073505656615,-0.43295451957572234,0.0,-0.22990646272142623,0.0,False,False,True,True,False,False,False
681,0,0.5647181360657391,-0.03953517064909744,-0.43295451957572234,0.0,-0.47053206081245025,0.0,False,True,False,True,False,False,False
683,0,0.5647181360657391,-1.0414329145823487,-0.43295451957572234,0.0,-0.3169818097128207,0.0,True,False,True,False,True,False,False
688,0,0.5647181360657391,-1.1666701325740052,-0.43295451957572234,0.0,-0.1834389798369314,0.0,True,False,True,False,True,False,False
689,0,0.5647181360657391,-1.2919073505656615,-0.43295451957572234,0.0,-0.5187786086752028,0.0,True,False,True,False,True,False,False
694,0,0.5647181360657391,-0.41524682462406665,-0.43295451957572234,0.0,-0.5993730761029439,0.0,True,False,False,False,True,False,False
696,0,-1.2961986747280732,2.9661580611506566,-0.43295451957572234,0.0,0.28662952219606774,0.0,True,False,True,False,True,False,False
697,0,0.5647181360657391,1.9642603172174051,-0.43295451957572234,0.0,-0.48288667871701796,0.0,True,False,True,False,True,False,False
698,1,0.5647181360657391,-0.03953517064909744,-0.43295451957572234,0.0,-0.527603335749894,0.0,False,True,False,True,False,False,False
704,0,0.5647181360657391,-0.41524682462406665,-0.43295451957572234,0.0,-0.5264172924310556,0.0,True,True,False,False,True,False,False
705,0,0.5647181360657391,-0.29000960663241027,1.8285419603357638,0.0,-0.5105327836966111,0.0,True,False,True,False,True,False,False
706,0,-1.2961986747280732,1.338074227259123,-0.43295451957572234,0.0,2.051574937134338,0.0,True,False,True,False,True,False,False
707,1,-1.2961986747280732,2.0894975352090617,-0.43295451957572234,0.0,0.28662952219606774,0.0,False,False,True,False,False,True,False
714,0,0.5647181360657391,0.08570204734255897,-0.43295451957572234,0.0,-0.2805109776585363,0.0,True,False,True,False,True,False,False
715,0,-1.2961986747280732,2.9661580611506566,-0.43295451957572234,0.0,0.21603170559853696,0.0,True,False,True,False,True,False,False
719,0,0.5647181360657391,-0.03953517064909744,-0.43295451957572234,0.0,0.569020788586191,0.0,True,True,False,False,True,False,False
720,0,0.5647181360657391,0.5866509193091846,-0.43295451957572234,0.0,-0.52171547784566,0.0,True,False,True,False,True,False,False
722,0,0.5647181360657391,-1.4171445685573179,1.8285419603357638,0.0,-0.6234892902526604,0.0,True,False,True,False,True,False,False
723,0,-1.2961986747280732,0.711888137300841,-0.43295451957572234,0.0,0.21603170559853696,0.0,True,False,True,False,True,False,False
724,0,-1.2961986747280732,2.7156836251673435,-0.43295451957572234,0.0,0.21603170559853696,0.0,True,False,True,False,True,False,False
726,0,0.5647181360657391,-1.0414329145823487,-0.43295451957572234,0.0,-0.3964043533850429,0.0,True,False,True,False,True,False,False
728,1,0.5647181360657391,-0.03953517064909744,-0.43295451957572234,0.0,-0.5270103140904748,0.0,False,True,False,True,False,False,False
729,0,-1.2961986747280732,-0.41524682462406665,1.8285419603357638,0.0,2.051574937134338,0.0,True,False,True,False,True,False,False
730,0,0.5647181360657391,-0.41524682462406665,1.8285419603357638,0.0,-0.5005361328664008,0.0,False,False,True,True,False,False,False
732,0,0.5647181360657391,-2.1685678765072565,-0.43295451957572234,0.0,1.0332014327149563,0.0,True,False,False,False,True,False,False
733,0,-1.2961986747280732,-0.03953517064909744,-0.43295451957572234,0.0,-1.619511525937264,0.0,True,False,True,False,True,False,False
734,0,-1.2961986747280732,-0.6657212606073795,-0.43295451957572234,0.0,0.21603170559853696,0.0,True,False,True,False,True,False,False
735,0,-1.2961986747280732,-0.6657212606073795,-0.43295451957572234,0.0,0.21603170559853696,0.0,True,False,True,False,True,False,False
736,0,0.5647181360657391,0.02308343834673077,-0.43295451957572234,0.0,0.6537381685032282,0.0,True,False,True,False,True,False,False
739,0,0.5647181360657391,-0.03953517064909744,-0.43295451957572234,0.0,-0.5046590453556965,0.0,True,False,True,False,True,False,False
740,0,0.5647181360657391,-0.03953517064909744,-0.43295451957572234,0.0,-0.5046590453556965,0.0,True,False,True,False,True,False,False
744,0,0.5647181360657391,-0.540484042615723,1.8285419603357638,0.0,0.6537381685032282,0.0,True,False,True,False,True,False,False
745,1,0.5647181360657391,0.3361764833258718,-0.43295451957572234,0.0,-0.5005361328664008,0.0,True,False,True,False,True,False,False
748,1,-1.2961986747280732,0.2109392653342154,-0.43295451957572234,0.0,0.21603170559853696,0.0,False,False,True,True,False,False,False
750,0,0.5647181360657391,0.3361764833258718,-0.43295451957572234,0.0,-0.5252453686755365,0.0,True,True,False,False,True,False,False
753,0,0.5647181360657391,0.5866509193091846,-0.43295451957572234,0.0,-0.2781530105841787,0.0,True,False,True,False,True,False,False
754,0,0.5647181360657391,-0.6657212606073795,-0.43295451957572234,0.0,-0.5046590453556965,0.0,True,False,True,False,True,False,False
757,0,0.5647181360657391,-0.03953517064909744,-0.43295451957572234,0.0,-0.5187786086752028,0.0,True,False,True,False,True,False,False
758,0,-1.2961986747280732,-1.2919073505656615,-0.43295451957572234,0.0,0.004238255805944529,0.0,True,False,True,False,True,False,False
759,0,0.5647181360657391,0.711888137300841,-0.43295451957572234,0.0,-0.48288667871701796,0.0,True,False,True,False,True,False,False
761,0,0.5647181360657391,-0.03953517064909744,-0.43295451957572234,0.0,0.42782515539112936,0.0,True,False,True,False,True,False,False
762,0,0.5647181360657391,1.588548663242436,-0.43295451957572234,0.0,-0.61349263942245,0.0,True,False,True,False,True,False,False
763,1,0.5647181360657391,-1.0414329145823487,-0.43295451957572234,0.0,-0.5987800544435247,0.0,True,False,False,False,True,False,False
765,0,0.5647181360657391,-1.5423817865489744,-0.43295451957572234,0.0,-0.52171547784566,0.0,True,False,True,False,True,False,False
767,0,-3.1571154855218855,-0.03953517064909744,-0.43295451957572234,0.0,3.9718355485871757,0.0,True,False,False,False,False,False,True
768,0,0.5647181360657391,0.2735578743300436,-0.43295451957572234,0.0,-0.5252453686755365,0.0,False,True,False,True,False,False,False
769,0,0.5647181360657391,-0.03953517064909744,1.8285419603357638,0.0,1.7903630157234738,0.0,True,True,False,False,True,False,False
770,0,0.5647181360657391,0.4614137013175282,-0.43295451957572234,0.0,-0.4387630433435612,0.0,True,False,True,False,True,False,False
771,0,0.5647181360657391,-0.540484042615723,-0.43295451957572234,0.0,-0.2781530105841787,0.0,True,False,True,False,True,False,False
772,0,0.5647181360657391,2.465209189184031,-0.43295451957572234,0.0,-0.5105327836966111,0.0,True,False,True,False,True,False,False
774,0,0.5647181360657391,-0.03953517064909744,-0.43295451957572234,0.0,-0.5993730761029439,0.0,True,False,False,False,True,False,False
776,0,0.5647181360657391,-1.2919073505656615,-0.43295451957572234,0.0,-0.5252453686755365,0.0,True,False,True,False,True,False,False
778,1,0.5647181360657391,-2.919991184457195,-0.43295451957572234,0.0,0.14190399817112956,0.0,False,False,True,True,False,False,False
779,0,0.5647181360657391,-0.03953517064909744,-0.43295451957572234,0.0,-0.5270103140904748,0.0,True,True,False,False,True,False,False
781,1,0.5647181360657391,-1.9180934405239436,-0.43295451957572234,0.0,-0.5987800544435247,0.0,False,False,False,True,False,False,False
785,0,0.5647181360657391,-0.41524682462406665,-0.43295451957572234,0.0,-0.6240823119120796,0.0,True,False,True,False,True,False,False
786,0,0.5647181360657391,-0.41524682462406665,-0.43295451957572234,0.0,-0.5958431852730673,0.0,True,False,True,False,True,False,False
787,1,0.5647181360657391,-1.2919073505656615,-0.43295451957572234,0.0,-0.5611372986337212,0.0,False,False,True,True,False,False,False
791,0,0.5647181360657391,-0.03953517064909744,-0.43295451957572234,0.0,-0.5252453686755365,0.0,True,True,False,False,True,False,False
792,0,-1.2961986747280732,-1.5423817865489744,-0.43295451957572234,0.0,2.051574937134338,0.0,True,False,True,False,True,False,False
794,0,-3.1571154855218855,-0.03953517064909744,-0.43295451957572234,0.0,2.714601391491708,0.0,True,False,False,False,True,False,False
795,0,0.5647181360657391,-0.41524682462406665,-0.43295451957572234,0.0,-0.5046590453556965,0.0,True,False,True,False,True,False,False
796,0,-1.2961986747280732,1.338074227259123,-0.43295451957572234,0.0,0.21603170559853696,0.0,True,False,True,False,True,False,False
798,1,0.5647181360657391,0.3361764833258718,-0.43295451957572234,0.0,-0.39346748421458566,0.0,False,False,True,False,False,True,False
799,0,0.5647181360657391,0.2109392653342154,-0.43295451957572234,0.0,-0.5987800544435247,0.0,True,False,False,False,True,False,False
801,0,-1.2961986747280732,0.711888137300841,-0.43295451957572234,0.0,0.21603170559853696,0.0,True,False,True,False,True,False,False
805,1,0.5647181360657391,-0.16477238864075383,-0.43295451957572234,0.0,-0.6346719844017094,0.0,True,False,True,False,True,False,False
806,0,0.5647181360657391,0.3361764833258718,-0.43295451957572234,0.0,-0.52171547784566,0.0,True,False,True,False,True,False,False
808,0,0.5647181360657391,-1.2919073505656615,-0.43295451957572234,0.0,-0.52171547784566,0.0,False,False,True,True,False,False,False
809,0,-1.2961986747280732,1.338074227259123,-0.43295451957572234,0.0,0.21603170559853696,0.0,True,False,True,False,True,False,False
811,0,0.5647181360657391,-0.29000960663241027,-0.43295451957572234,0.0,-0.5058309691112155,0.0,True,False,True,False,True,False,False
812,0,0.5647181360657391,1.338074227259123,-0.43295451957572234,0.0,1.7903630157234738,0.0,True,False,True,False,True,False,False
813,0,-1.2961986747280732,0.8371253552924974,-0.43295451957572234,0.0,-0.1369573773891171,0.0,True,False,True,False,True,False,False
815,0,0.5647181360657391,0.2735578743300436,-0.43295451957572234,0.0,-0.48288667871701796,0.0,True,False,True,False,True,False,False
817,0,0.5647181360657391,-0.6657212606073795,-0.43295451957572234,0.0,-0.5005361328664008,0.0,False,False,True,True,False,False,False
819,0,0.5647181360657391,1.8390230992257488,-0.43295451957572234,0.0,-0.7087996918291166,0.0,True,False,True,False,True,False,False
822,1,0.5647181360657391,-0.16477238864075383,-0.43295451957572234,0.0,-0.3964043533850429,0.0,True,False,True,False,True,False,False
823,0,-3.1571154855218855,1.2128370092674667,-0.43295451957572234,0.0,-1.619511525937264,0.0,True,False,True,False,False,False,True
826,0,0.5647181360657391,-0.03953517064909744,-0.43295451957572234,0.0,-0.6382018752315858,0.0,True,True,False,False,True,False,False
829,1,0.5647181360657391,-0.03953517064909744,-0.43295451957572234,0.0,-0.5252453686755365,0.0,True,True,False,False,True,False,False
831,1,0.5647181360657391,-1.6676190045406307,1.8285419603357638,0.0,0.42135839539079556,0.0,False,False,False,False,False,True,False
833,0,0.5647181360657391,-0.03953517064909744,-0.43295451957572234,0.0,-0.5987800544435247,0.0,True,False,False,False,True,False,False
834,0,0.5647181360657391,-0.6657212606073795,-0.43295451957572234,0.0,-0.5105327836966111,0.0,True,False,True,False,True,False,False
835,0,0.5647181360657391,-1.2919073505656615,-0.43295451957572234,0.0,-0.44758777041825254,0.0,True,False,True,False,True,False,False
837,0,0.5647181360657391,-0.9161956965906923,-0.43295451957572234,0.0,-0.3964043533850429,0.0,True,False,True,False,True,False,False
838,0,0.5647181360657391,-0.03953517064909744,-0.43295451957572234,0.0,-0.48288667871701796,0.0,True,False,True,False,True,False,False
841,0,0.5647181360657391,-1.0414329145823487,-0.43295451957572234,0.0,-0.5005361328664008,0.0,True,False,True,False,True,False,False
842,0,-1.2961986747280732,-1.5423817865489744,-0.43295451957572234,0.0,-0.1369573773891171,0.0,True,False,True,False,True,False,False
843,1,-3.1571154855218855,0.2109392653342154,-0.43295451957572234,0.0,2.757553103109646,0.0,False,False,False,True,False,False,False
844,0,0.5647181360657391,0.7745067462966693,-0.43295451957572234,0.0,-0.7105646372440549,0.0,True,False,False,False,True,False,False
845,0,0.5647181360657391,-1.4171445685573179,-0.43295451957572234,0.0,-0.3964043533850429,0.0,True,False,True,False,True,False,False
846,0,0.5647181360657391,1.7137858812340923,-0.43295451957572234,0.0,-0.5534844953145489,0.0,True,False,True,False,True,False,False
848,0,0.5647181360657391,0.8371253552924974,-0.43295451957572234,0.0,-0.5046590453556965,0.0,True,False,False,False,True,False,False
855,0,-1.2961986747280732,1.9642603172174051,1.8285419603357638,0.0,2.051574937134338,0.0,False,False,True,False,False,True,False
860,0,0.5647181360657391,-0.03953517064909744,-0.43295451957572234,0.0,-0.5987800544435247,0.0,True,False,False,False,True,False,False
861,0,0.5647181360657391,1.588548663242436,4.09003844024725,0.0,0.3725188258686237,0.0,True,False,True,False,True,False,False
862,0,-1.2961986747280732,-0.9161956965906923,1.8285419603357638,0.0,0.004238255805944529,0.0,True,False,True,False,True,False,False
865,0,-1.2961986747280732,-0.540484042615723,-0.43295451957572234,0.0,0.21603170559853696,0.0,True,False,True,False,True,False,False
866,1,-1.2961986747280732,1.7137858812340923,-0.43295451957572234,0.0,0.21603170559853696,0.0,False,False,True,False,False,True,False
867,1,-1.2961986747280732,-0.16477238864075383,1.8285419603357638,0.0,0.3372199175698583,0.0,False,False,False,True,False,False,False
869,0,0.5647181360657391,-0.03953517064909744,-0.43295451957572234,0.0,-0.2781530105841787,0.0,True,False,True,False,True,False,False
871,0,0.5647181360657391,-0.29000960663241027,-0.43295451957572234,0.0,-0.5046590453556965,0.0,True,False,True,False,True,False,False
874,0,0.5647181360657391,2.3399719711923743,-0.43295451957572234,0.0,-0.3487508271817095,0.0,True,False,True,False,True,False,False
875,1,-1.2961986747280732,-0.03953517064909744,1.8285419603357638,0.0,1.7691836707442148,0.0,False,False,False,False,False,True,False
876,1,0.5647181360657391,-1.6676190045406307,-0.43295451957572234,0.0,-0.5993730761029439,0.0,False,False,False,True,False,False,False
877,0,0.5647181360657391,-1.0414329145823487,-0.43295451957572234,0.0,-0.2293275606253263,0.0,True,False,True,False,True,False,False
878,0,0.5647181360657391,-1.1666701325740052,-0.43295451957572234,0.0,-0.5046590453556965,0.0,True,False,True,False,True,False,False
879,0,0.5647181360657391,-0.03953517064909744,-0.43295451957572234,0.0,-0.5046590453556965,0.0,True,False,True,False,True,False,False
882,0,0.5647181360657391,0.5866509193091846,-0.43295451957572234,0.0,-0.5046590453556965,0.0,True,False,True,False,True,False,False
883,0,0.5647181360657391,-0.7909584785990359,-0.43295451957572234,0.0,-0.13459941031475953,0.0,False,False,True,True,False,False,False
884,0,-1.2961986747280732,-0.03953517064909744,-0.43295451957572234,0.0,-0.1369573773891171,0.0,True,False,True,False,True,False,False
885,0,0.5647181360657391,-0.41524682462406665,-0.43295451957572234,0.0,-0.6240823119120796,0.0,True,False,True,False,True,False,False
887,0,-1.2961986747280732,-0.16477238864075383,-0.43295451957572234,0.0,0.21603170559853696,0.0,True,False,True,False,False,False,True
891,0,0.5647181360657391,0.4614137013175282,-0.43295451957572234,0.0,-0.5252453686755365,0.0,True,True,False,False,True,False,False
